{"type": "block", "layer": 1, "block": 0, "features": [{"geom": {"polygons": [[[[0.006877249883075365, 0.011642981808172692], [0.006927338230466873, 0.01191142404495693], [0.0069492518824496585, 0.011948468551880254], [0.007009514425401875, 0.011964121160440655], [0.007333784299381918, 0.011901771603007205], [0.0073658721469289645, 0.011864987972893815], [0.007379176864203529, 0.011813334364648043], [0.007228650945227955, 0.01104583479162713], [0.007201519757058961, 0.011010355545559847], [0.0071467356271011084, 0.010997833458713302], [0.006798204209850667, 0.011075052994270251], [0.006780464586816137, 0.011111575747575486], [0.006831335564632113, 0.011423062657900829], [0.00697794833147114, 0.011389670426304122], [0.007053080852553961, 0.011415758107235163], [0.007080212040722955, 0.011549327033607781], [0.007024906157148791, 0.01160671993165785], [0.006876467252645568, 0.011634372873446708], [0.006877249883075365, 0.011642981808172692]]]], "centroids": [[0.0070950580362456606, 0.011479779839486781, 0.0]], "h": 1.4e-05}, "mtl": {"face": 0, "edge": 1}}, {"geom": {"polygons": [[[[0.006019747810841025, 0.012145952296522822], [0.006020791318077201, 0.012149082818234902], [0.006206535606313679, 0.012114647079405572], [0.0061480992010256585, 0.011863161835220737], [0.005968615956213341, 0.011896554066813891], [0.006019747810841025, 0.012145952296522822]]]], "centroids": [[0.006086087981817201, 0.01200663714038086, 0.0]], "h": 1.4e-05}, "mtl": {"face": 0, "edge": 1}}, {"geom": {"polygons": [[[[0.0069255120927955716, 0.013668429355709222], [0.006857684122373087, 0.013328245996357069], [0.006286885663580932, 0.013429466198372708], [0.006281668127394724, 0.01346494544443999], [0.006394366909020732, 0.013457640893779654], [0.006394366909020732, 0.013508772748405562], [0.006347409083343081, 0.013540077965524588], [0.0063442785616310005, 0.013616253993845362], [0.006390192880072476, 0.013643385182014356], [0.006515413748545029, 0.013620428022795394], [0.006566545603172713, 0.013641298167540228], [0.006733506761136709, 0.013588079298438416], [0.006747072355221206, 0.013619384515557442], [0.006775247050628153, 0.013629819587929859], [0.006784638615764393, 0.013649646225438516], [0.00684724905000067, 0.013672603384659254], [0.0069255120927955716, 0.013668429355709222]]]], "centroids": [[0.006640344682427468, 0.01350468873656041, 0.0]], "h": 1.4e-05}, "mtl": {"face": 0, "edge": 1}}, {"geom": {"polygons": [[[[0.019416619819105918, 0.012561137738497763], [0.01910043712621068, 0.012207388785059337], [0.0186371199128601, 0.01185990087504507], [0.018605814695741074, 0.011913119744146883], [0.01863398939114802, 0.011950686004688293], [0.01846181069699604, 0.012194866698212792], [0.018408591827894227, 0.01214790887253514], [0.018289632002845835, 0.012332609653533666], [0.018436766523301173, 0.012420264261464808], [0.018436766523301173, 0.012454700000294139], [0.019047218257110643, 0.012971236082748305], [0.019172439125583196, 0.012871059387968842], [0.019416619819105918, 0.012561137738497763]]]], "centroids": [[0.018869318345835495, 0.012430450869914011, 0.0]], "h": 1.4e-05}, "mtl": {"face": 0, "edge": 1}}, {"geom": {"polygons": [[[[0.005740153090551203, 0.007706872509050555], [0.0056900647431614715, 0.0076270442053996135], [0.00561180170036657, 0.007667740987653104], [0.005582061744103584, 0.007766352421576528], [0.00561493222207865, 0.007944792159150893], [0.005589888048383784, 0.007994880506540625], [0.005477189266757776, 0.008059056201632941], [0.005505363962164722, 0.007979227897980223], [0.005478754527613816, 0.007932270072304348], [0.005402056745673178, 0.007935400594014652], [0.005380143093690393, 0.008029316245369955], [0.005375447311122272, 0.008088796157895928], [0.00528779270319113, 0.00817801602668311], [0.005243965399225559, 0.008242191721775427], [0.005189181269267706, 0.008215582287224521], [0.005170398138997001, 0.008162363418122709], [0.005207964399540188, 0.008099752983886432], [0.005212660182106532, 0.008002706810819049], [0.005110918226472805, 0.007962010028565558], [0.0050365683358126745, 0.007972575539341165], [0.004983740781925761, 0.007973358169769185], [0.004916434565126693, 0.007959270822068376], [0.004814692609492965, 0.0079670971263468], [0.004812344718208905, 0.008031272821439117], [0.004745038501404508, 0.008077448016688749], [0.004746603762256996, 0.008151015276917306], [0.004896868804426191, 0.008173320244113214], [0.004993132347069107, 0.008230452265356902], [0.005021307042474277, 0.008233582787068983], [0.005050264368309243, 0.008232017526212942], [0.00508548273756837, 0.008165493939836566], [0.005126962150249881, 0.008192103374385695], [0.005088613259278674, 0.008245322243487507], [0.005016611259907933, 0.008260192221618112], [0.0049477397822474956, 0.008264105373758213], [0.004875737782874978, 0.008325933177568245], [0.004866346217738737, 0.008404196220364923], [0.005850895296111602, 0.008228104374072842], [0.005740153090551203, 0.007706872509050555]]]], "centroids": [[0.005355159228852102, 0.008099432163490405, 0.0]], "h": 1.4e-05}, "mtl": {"face": 0,