{"type": "block", "layer": 2, "block": 0, "features": [{"geom": {"polygons": [[[[0.0064027149669172445, 0.011860944382364735], [0.006418367575477646, 0.011920946048508796], [0.00655298000908644, 0.011893814860339802], [0.006508630951501004, 0.011668939050705873], [0.006686027181837417, 0.011634242435068387], [0.0066612438849524835, 0.011522848037490263], [0.006467151538817717, 0.011561849120475642], [0.006412889162485058, 0.01128558057940765], [0.006268363410121935, 0.011314798782052549], [0.006281929004204656, 0.011381583245237081], [0.006121228889663044, 0.011411323201498291], [0.006161403918298447, 0.011605415547627729], [0.006126968179469117, 0.011611154837432025], [0.006146794816977774, 0.011707157503261456], [0.0061812305558071046, 0.011698809445363167], [0.006226101367010628, 0.011892901791497934], [0.0064027149669172445, 0.011860944382364735]]]], "centroids": [[0.006359978690854362, 0.011619279308343167, 0.0]], "h": 0.00147}, "mtl": {"face": 0, "edge": 1}}], "featureCount": 1, "startIndex": 0}