{"type": "block", "layer": 4, "block": 0, "features": [{"geom": {"triangles": {"v": [9.242129106645791e-05, 0.010213764113133905, 0.0, 0.006497298000050833, 0.016355426710790155, 0.0, 0.007927809474660208, 0.020091922682469843, 0.0, 0.003736410854054739, 0.008235843580907343, 0.0, 0.008604918239308645, 0.018498332899755, 0.0, 0.010281477687550833, 0.018769176405614374, 0.0, 0.01433077883501177, 0.01726713935727453, 0.0, 0.01100722384233599, 0.023000629347508905, 0.0, 0.009078894374562552, 0.021261127394383905, 0.0], "f": [0, 1, 2, 0, 3, 1, 2, 1, 4, 5, 4, 1, 6, 5, 1, 7, 5, 6, 8, 5, 7]}, "centroids": [[0.0062639503332260205, 0.015421427458587544, 0.0]]}, "mtl": 0}], "featureCount": 1, "startIndex": 0}