{"type": "block", "layer": 6, "block": 0, "features": [{"geom": {"polygons": [[[[0.008983373583955512, 0.012364306185888907], [0.008911371584582994, 0.011963599406774605], [0.00877049810755004, 0.01199386111665568], [0.008845630628634638, 0.012394567895769981], [0.008983373583955512, 0.012364306185888907]]]], "centroids": [[0.008877567047392176, 0.012178366158689613, 0.0]], "h": 0.00147}, "mtl": {"face": 0, "edge": 1}}, {"geom": {"polygons": [[[[0.019821239750358544, 0.011728418963148357], [0.019470621318632197, 0.011468585661065234], [0.019387662493269175, 0.011578153920979162], [0.01973201988157136, 0.011839552483918325], [0.019821239750358544, 0.011728418963148357]]]], "centroids": [[0.019603988008560336, 0.011654370991774243, 0.0]], "h": 0.00147}, "mtl": {"face": 0, "edge": 1}}, {"geom": {"polygons": [[[[0.009544925915449198, 0.012556164459873287], [0.009523103595824978, 0.012403408222505519], [0.009581141679930738, 0.012393657824375737], [0.009564891016381694, 0.012308690069241734], [0.00941399199770565, 0.01233236960755768], [0.009387990936026824, 0.012374157028114396], [0.009403312990230006, 0.01238994338699051], [0.009390312459393257, 0.012406658355212485], [0.009412134779015702, 0.012415944448669336], [0.009397277029485451, 0.012436373854274763], [0.009417706435090878, 0.012446588557077476], [0.009400991466868902, 0.012467482267355834], [0.009425135309856003, 0.012476768360812684], [0.009406795275276991, 0.01249487624305523], [0.009429546204247075, 0.012505090945857944], [0.009411438322006305, 0.012524591742117508], [0.00944022521172272, 0.012537824425292499], [0.009419331501444361, 0.012549896346786937], [0.00942815329022828, 0.01257775462715749], [0.009544925915449198, 0.012556164459873287]]]], "centroids": [[0.009480162865855846, 0.012433576459100593, 0.0]], "h": 0.00147}, "mtl": {"face": 0, "edge": 1}}, {"geom": {"polygons": [[[[0.009981372307922953, 0.011305559823551192], [0.009969068234092049, 0.011235681970287459], [0.00999483714343441, 0.011230342466550525], [0.009971041528952895, 0.011111016165621379], [0.009833491269620964, 0.011139106598330173], [0.009841587582354094, 0.01117697644821014], [0.009796666105252427, 0.01118452139914261], [0.009791674830019303, 0.011166877821572996], [0.009700787190306315, 0.011186146465494318], [0.009702876561334506, 0.011202629281379828], [0.009661437369283377, 0.011210870689323471], [0.009653660266012665, 0.011170708335122015], [0.009506243532380054, 0.011200307758015171], [0.009531083832378329, 0.01132590217202356], [0.009555691980040137, 0.011323116343985973], [0.009564978073496988, 0.011382083037437596], [0.009981372307922953, 0.011305559823551192]]]], "centroids": [[0.009756640005175399, 0.011252540043820147, 0.0]], "h": 0.00147}, "mtl": {"face": 0, "edge": 1}}, {"geom": {"polygons": [[[[0.010716453662176662, 0.01303448532999596], [0.010644950742559445, 0.012624039999199255], [0.010492658809864608, 0.012650969670223944], [0.010497301856592145, 0.012688114044053123], [0.01046851496687573, 0.012691828481434797], [0.010466657748184005, 0.012705525469282719], [0.010458996721080638, 0.01270587369778653], [0.010449362399119977, 0.012697864442179352], [0.010424057794450547, 0.012703552174425425], [0.01041802183370244, 0.012715391943583398], [0.010387842029967231, 0.0127178295431154], [0.010382850754734108, 0.012709472059004412], [0.010373680737446378, 0.01270854344965855], [0.010355805007534968, 0.01270923990666617], [0.010342920552863788, 0.012726999560401353], [0.010314597967820305, 0.012731642607130667], [0.01030716909305518, 0.012722356513673816], [0.01027629283231235, 0.012726883484232232], [0.010270489023900709, 0.012739419710399602], [0.010257256340725718, 0.012741741233764259], [0.010248318475772678, 0.012733731978157081], [0.01023996099166169, 0.012731758683298011], [0.010233576802409772, 0.012734196282830013], [0.010228121222503717, 0.01274092870058574], [0.010226583213279739, 0.012746413299534964], [0.010212741130221303, 0.012747022699420185], [0.01022260760451843, 0.012793917471380922], [0.010218428862462048, 0.01280030166063284], [0.010216571643770322, 0.012802623183997497], [0.010218080633958238, 0.012818525619042731], [0.010221737033258904, 0.01284179889076853], [0.010235724211527852, 0.012841160471843693], [0.010239670801247769, 0.012870063437729229], [0.010306530674135672, 0.012873081418106835], [0.010378149669927339, 0.012866116848009312], [0.010407400864314909, 0.012860545191935913], [0.01042040139515521, 0.012873545722776214], [0.010442223714777654, 0.012869366980719832], [0.010449652589544556, 0.012861938105954707], [0.010482618221315576, 0.012861473801281775], [0.010493761533464152, 0.0128633310199735], [0.010504904845612728, 0.012870759894738626], [0.010513262329723716, 0.012879581683522545], [0.01052394133719936, 0.012898618175109178], [0.010537870477385525, 0.012900475393800903], [0.010562014320376178, 0.013056946068552122], [0.010716453662176662, 0.01303448532999596]]]], "centroids": [[0.010510796527965383, 0.012821524508812132, 0.0]], "h": 0.00147}, "mtl": {"face": 0, "edge": 1}}, {"geom": {"polygons": [[[[0.011164043366813203, 0.010576166201500925], [0.011144194342049829, 0.010416329317871842], [0.010958240320574575, 0.010447669883289379], [0.01098540214393573, 0.01059810459729249], [0.011164043366813203, 0.010576166201500925]]]], "centroids": [[0.0110636765677814, 0.010508844627073799, 0.0]], "h": 0.00147}, "mtl": {"face": 0, "edge": 1}}, {"geom": {"polygons": [[[[0.010984357458420746, 0.010606462081403478], [0.010953016893003209, 0.010428865544039212], [0.010762884129473349, 0.010464384851513131], [0.010791090638347711, 0.010637802646821015], [0.010984357458420746, 0.010606462081403478]]]], "centroids": [[0.010873285511554087, 0.010534485641237268, 0.0]], "h": 0.00147}, "mtl": {"face": 0, "edge": 1}}, {"geom": {"polygons": [[[[0.014166870582117852, 0.009997759367806225], [0.014150555086231975, 0.009912416773937949], [0.014109138827443246, 0.009918691964664106], [0.01410411867486161, 0.009849664866683483], [0.013900802495353304, 0.009892336163616733], [0.013924648220109859, 0.010037920588450433], [0.014166870582117852, 0.009997759367806225]]]], "centroids": [[0.01402675032365508, 0.009947275162858205, 0.0]], "h": 0.00147}, "mtl": {"face": 0, "edge": 1}}, {"geom": {"polygons": [[[[0.0137652583756811, 0.010085612037965319], [0.013893272266482626, 0.010063021351353285], [0.013869426541726071, 0.009917436926519585], [0.013736392498342909, 0.009935007460549983], [0.0137652583756811, 0.010085612037965319]]]], "centroids": [[0.013815605731981151, 0.009999953361889524, 0.0]], "h": 0.00147}, "mtl": {"face": 0, "edge": 1}}, {"geom": {"polygons": [[[[0.013308738250362495, 0.01059374560697357], [0.013283637487459643, 0.010445651105850828], [0.013001253904809218, 0.010509658051251591], [0.013042670163597947, 0.010651477361649953], [0.013308738250362495, 0.01059374560697357]]]], "centroids": [[0.013159302272050866, 0.010549300448342791, 0.0]], "h": 0.00147}, "mtl": {"face": 0, "edge": 1}}, {"geom": {"polygons": [[[[0.012776602076833399, 0.009816876995150992], [0.012957955088801043, 0.009768558026564733], [0.012976780660977738, 0.009820642109588107], [0.013023844591419476, 0.009808719247208941], [0.013052082949684518, 0.009900337031801598], [0.013174449168833036, 0.009870216116318886], [0.013126130200246777, 0.009679450318261118], [0.013079693788876412, 0.009646191807416216], [0.012752756352076844, 0.009738437111082021], [0.012776602076833399, 0.009816876995150992]]]], "centroids": [[0.01300095647516386, 0.009762703535017181, 0.0]], "h": 0.00147}, "mtl": {"face": 0,