{"type": "block", "layer": 9, "block": 3, "features": [{"geom": {"lines": [[-0.022993445102976295, -0.025317331602197513, 0.0, -0.023304545102975638, -0.024915131602197604, 0.0, -0.02339014510297588, -0.024830731602198952, 0.0, -0.02368864510297719, -0.024536331602197592, 0.0, -0.023733745102976656, -0.024491831602198033, 0.0, -0.024270145102976315, -0.023962731602198417, 0.0, -0.02455774510297637, -0.023577931602197566, 0.0]]}, "mtl": 0}, {"geom": {"lines": [[-0.02339014510297588, -0.024830731602198952, 0.0, -0.02345474510297585, -0.02516913160219758, 0.0, -0.023626445102976845, -0.025454931602197917, 0.0, -0.023690845102976255, -0.025793531602198883, 0.0, -0.023669345102977246, -0.02617453160219796, 0.0, -0.023595345102975784, -0.026440631602199005, 0.0, -0.023680045102976166, -0.026671831602198992, 0.0, -0.023787345102975976, -0.026915231602197665, 0.0]]}, "mtl": 0}, {"geom": {"lines": [[-0.023108345102976102, -0.020778131602197547, 0.0, -0.023295545102977044, -0.020887131602197684, 0.0, -0.023638345102977354, -0.02102703160219832, 0.0, -0.024066345102976783, -0.021084331602198247, 0.0, -0.024463245102976927, -0.021094931602197775, 0.0, -0.024581345102976826, -0.021084331602198247, 0.0]]}, "mtl": 0}, {"geom": {"lines": [[-0.026394445102976505, -0.04096923160219745, 0.0, -0.02642664510297621, -0.040810431602197994, 0.0, -0.02642664510297621, -0.04049303160219786, 0.0, -0.026426245102976864, -0.04024233160219737, 0.0, -0.02651014510297678, -0.0400658316021989, 0.0, -0.026598345102977206, -0.03996383160219885, 0.0, -0.026769945102977033, -0.039836831602197975, 0.0, -0.026877245102976843, -0.03955113160219881, 0.0, -0.026888045102976932, -0.039254731602198945, 0.0, -0.026877245102976843, -0.03882083160219807, 0.0, -0.026823645102975746, -0.038355231602198, 0.0, -0.026823645102975746, -0.03749803160219756, 0.0, -0.026812945102976826, -0.03710643160219895, 0.0, -0.026834345102976442, -0.03688423160219756, 0.0, -0.026694845102976927, -0.03657733160219756, 0.0, -0.026544645102976716, -0.036185731602198956, 0.0, -0.026297945102976783, -0.035794131602198576, 0.0, -0.026190645102976973, -0.035529631602198464, 0.0, -0.026094045102976082, -0.03524383160219813, 0.0, -0.026018945102975977, -0.03493693160219813, 0.0, -0.025879545102975854, -0.03469353160219768, 0.0, -0.02575184510297568, -0.034547031602198075, 0.0, -0.025600545102976824, -0.034376031602198154, 0.0, -0.02536554510297684, -0.03435653160219765, 0.0, -0.025033045102976104, -0.03420833160219772, 0.0, -0.0248398451029761, -0.034091931602198144, 0.0, -0.024550245102975765, -0.03395433160219774, 0.0, -0.024442945102975955, -0.03380623160219898, 0.0, -0.024163945102976925, -0.033816731602197336, 0.0, -0.024055645102976086, -0.03386813160219759, 0.0, -0.023885045102977287, -0.03380623160219898, 0.0, -0.023638245102976185, -0.03366863160219857, 0.0, -0.02333674510297712, -0.03352943160219901, 0.0, -0.02325714510297594, -0.03349723160219753, 0.0]]}, "mtl": 0}, {"geom": {"lines": [[0.022180254897023133, 0.020235168397801928, 0.0, 0.021854154897024358, 0.020328268397800997, 0.0, 0.02102335489702334, 0.02053246839780165, 0.0, 0.02087245489702383, 0.02054436839780216, 0.0, 0.020631654897023566, 0.020539868397801087, 0.0, 0.02033495489702375, 0.020505968397801055, 0.0, 0.020086054897022976, 0.020573768397801118, 0.0, 0.01990575489702273, 0.020658368397802107, 0.0, 0.019768454897024057, 0.020793868397801063, 0.0, 0.019682554897023863, 0.020946168397802722, 0.0, 0.019665754897022936, 0.020987168397802236, 0.0]]}, "mtl": 0}, {"geom": {"lines": [[-0.02368864510297719, -0.024536331602197592, 0.0, -0.023679945102976774, -0.024307031602198492, 0.0, -0.023712045102977086, -0.024174831602197244, 0.0, -0.02402854510297736, -0.02376203160219781, 0.0, -0.0242607451029766, -0.023482631602197657, 0.0]]}, "mtl": 0}, {"geom": {"lines": [[-0.021593145102976052, -0.03258243160219898, 0.0, -0.02179374510297727, -0.03249853160219729, 0.0, -0.02206194510297621, -0.03250913160219859, 0.0, -0.022242245102976455, -0.03242893160219751, 0.0, -0.022778645102976114, -0.03215913160219763, 0.0, -0.02312204510297633, -0.03199503160219841, 0.0, -0.023384845102976115, -0.03186283160219894, 0.0, -0.023731945102976937, -0.031874131602197764, 0.0]]}, "mtl": 0}, {"geom": {"lines": [[-0.021885545102977133, -0.03381533160219874, 0.0, -0.022049145102975842, -0.033656531602197504, 0.0, -0.02205984510297654, -0.03333903160219798, 0.0, -0.022043745102976686, -0.03316443160219862, 0.0, -0.022038345102975754, -0.03288933160219898, 0.0, -0.0221403451029758, -0.032635331602199, 0.0, -0.022242245102976455, -0.03242893160219751, 0.0, -0.022349545102976265, -0.032344331602198295, 0.0, -0.022408545102976518, -0.03220673160219789, 0.0, -0.02253194510297618, -0.03150823160219751, 0.0, -0.022574845102976582, -0.03124903160219894, 0.0, -0.022649945102976687, -0.031079631602198177, 0.0, -0.02269284510297709, -0.030968531602198368, 0.0, -0.022818345102976423, -0.030810631602198768, 0.0, -0.023046945102976224, -0.03048703160219901, 0.0, -0.02324314510297576, -0.030255031602198557, 0.0]]}, "mtl": 0}, {"geom": {"lines": [[-0.02316494510297673, -0.031661731602198984, 0.0, -0.023205945102976244, -0.031151931602197536, 0.0]]}, "mtl": 0}, {"geom": {"lines": [[-0.03130504510297705, -0.012137931602199004, 0.0, -0.03139074510297668, -0.012513631602198316, 0.0, -0.0314797451029758, -0.01286763160219806, 0.0, -0.0315655451029766, -0.013153331602199003, 0.0, -0.031637445102976613, -0.013344331602198167, 0.0, -0.03171044510297705, -0.013661231602197788, 0.0, -0.0317265451029769, -0.013946931602198731, 0.0, -0.03175834510297726, -0.01438503160219895, 0.0]]}, "mtl": 0}, {"geom": {"lines": [[-0.020632945102976308, -0.020851931602198448, 0.0, -0.022387045102975733, -0.020677331602197313, 0.0, -0.022600845102976663, -0.020658631602197275, 0.0, -0.022687445102976156, -0.02064553160219873, 0.0, -0.02291814510297563, -0.020698431602198752, 0.0, -0.023108345102976102, -0.020778131602197547, 0.0]]}, "mtl": 0}, {"geom": {"lines": [[-0.0246232451029762, -0.022449231602198694, 0.0, -0.024411945102976063, -0.022215831602197866, 0.0, -0.024221745102977366, -0.021968331602197466, 0.0, -0.023926645102976707, -0.02124343160219766, 0.0, -0.023638345102977354, -0.02102703160219832, 0.0]]}, "mtl": 0}, {"geom": {"lines": [[-0.022446045102975987, -0.025402331602197847, 0.0, -0.022655345102975843, -0.02535473160219759, 0.0, -0.022818345102976423, -0.025323531602198912, 0.0, -0.022993445102976295, -0.025317331602197513, 0.0]]}, "mtl": 0}, {"geom": {"lines": [[0.010883954897023429, 0.005965168397802145, 0.0, 0.010514554897023132, 0.004287768397801983, 0.0, 0.010405854897022948, 0.004121868397801265, 0.0, 0.010350654897022693, 0.003925468397801168, 0.0, 0.010309754897024348, 0.003773368397801846, 0.0, 0.010270354897023992, 0.003645868397802232, 0.0, 0.010185254897024265, 0.0034776683978012812, 0.0, 0.010007354897023646, 0.0033427683978022316, 0.0, 0.009827854897023869, 0.003261268397801942, 0.0, 0.00947915489702389, 0.0031290683978024703, 0.0, 0.00918015489702384, 0.00300686839780262, 0.0]]}, "mtl": 0}, {"geom": {"lines": [[0.025961054897022606, 0.01798896839780184, 0.0, 0.026506154897022682, 0.01703096839780116, 0.0]]}, "mtl": 0}, {"geom": {"lines": [[0.03732805489702429, 0.03558336839780196, 0.0, 0.037479554897023704, 0.035772668397802576, 0.0, 0.03795115489702283, 0.03662726839780106, 0.0]]}, "mtl": 0}, {"geom": {"lines": [[0.034161954897022895, 0.03430516839780218, 0.0, 0.034703454897023533, 0.03507626839780187, 0.0]]}, "mtl": 0}, {"geom": {"lines": [[0.03608115489702435, 0.023131068397802323, 0.0, 0.036274254897023184, 0.023371768397801418, 0.0, 0.03590135489702284, 0.023646868397801057, 0.0]]},